{
  "version": 1,
  "author": "Anonymous maker",
  "editor": "wokwi",
  "parts": [
    { "type": "board-esp32-devkit-c-v4", "id": "esp", "top": 67.2, "left": -148.76, "attrs": {} },
    {
      "type": "wokwi-lcd1602",
      "id": "lcd1",
      "top": -12.8,
      "left": 53.6,
      "attrs": { "pins": "i2c" }
    },
    {
      "type": "wokwi-pushbutton",
      "id": "btn1",
      "top": 179,
      "left": 38.4,
      "attrs": { "color": "green", "xray": "1" }
    },
    {
      "type": "wokwi-pushbutton",
      "id": "btn2",
      "top": 236.6,
      "left": 38.4,
      "attrs": { "color": "red", "xray": "1" }
    },
    {
      "type": "wokwi-resistor",
      "id": "r1",
      "top": 128.75,
      "left": -19.2,
      "rotate": 90,
      "attrs": { "value": "1000" }
    },
    {
      "type": "wokwi-resistor",
      "id": "r2",
      "top": 129.6,
      "left": -0.55,
      "rotate": 90,
      "attrs": { "value": "1000" }
    }
  ],
  "connections": [
    [ "esp:TX", "$serialMonitor:RX", "", [] ],
    [ "esp:RX", "$serialMonitor:TX", "", [] ],
    [ "esp:3V3", "lcd1:VCC", "green", [ "v-48", "h57.75", "v-0.1" ] ],
    [ "esp:GND.2", "lcd1:GND", "black", [ "v0" ] ],
    [ "esp:22", "lcd1:SCL", "green", [ "h0" ] ],
    [ "esp:21", "lcd1:SDA", "green", [ "h19.2", "v-86.4" ] ],
    [ "esp:GND.3", "btn1:2.r", "black", [ "h192", "v57.6" ] ],
    [ "esp:4", "btn1:1.l", "green", [ "h57.6", "v-19.2" ] ],
    [ "esp:GND.3", "btn2:2.r", "black", [ "h192", "v115.2" ] ],
    [ "esp:2", "btn2:1.l", "green", [ "h48", "v19.2" ] ],
    [ "btn1:1.l", "r2:2", "green", [ "h0" ] ],
    [ "r2:1", "lcd1:VCC", "green", [ "h0", "v-76.8" ] ],
    [ "btn2:1.l", "r1:2", "green", [ "h0" ] ],
    [ "r1:1", "lcd1:VCC", "green", [ "h-0.55", "v-75.95" ] ]
  ],
  "dependencies": {}
}